,CDR1,CDR2,CDR3
TRBV1*01,GH--DSM,YNC-KEF,CTSSQ
TRBV10-1*01,WNH-NNM,SYG-VQD,CASSE
TRBV10-1*02,WNH-NNM,SYG-VHD,CASSE
TRBV10-2*01,WSH-SYM,SAA-ADI,CASSE
TRBV10-2*02,WSH-SYM,SAA-ADI,CASSE
TRBV10-3*01,ENH-RYM,SYG-VKD,CAISE
TRBV10-3*02,ENH-RYM,SYG-VKD,CAISE
TRBV10-3*03,ENH-RYM,SYG-VKD,C
TRBV10-3*04,ENH-RYM,SYG-VKD,C
TRBV11-1*01,SGH-ATL,FQD-ESV,CASSL
TRBV11-2*01,SGH-ATL,FQN-NGV,CASSL
TRBV11-2*02,SGH-ATL,FQN-NGV,CASS
TRBV11-2*03,SGH-ATL,FQN-NGV,CASSL
TRBV11-3*01,SGH-NTL,YEN-EEA,CASSL
TRBV11-3*02,SGH-NTL,YEN-EEA,CASS
TRBV11-3*03,SGH-NTL,YEN-EEA,CASS
TRBV11-3*04,SGH-NTL,YEN-EEA,CASSL
TRBV12-1*01,SGH-NDL,FCS-WTL,CASSF
TRBV12-2*01,FGH-NFL,FRS-*SI,CASRL
TRBV12-3*01,SGH-NSL,FNN-NVP,CASSL
TRBV12-4*01,SGH-DYL,FNN-NVP,CASSL
TRBV12-4*02,SGH-DYL,FNN-NVP,CASSL
TRBV12-5*01,LGH-NTV,FRN-RAP,CASGL
TRBV13*01,PRH-DTV,FYE-KMQ,CASSL
TRBV13*02,PRH-DTV,FYE-KMQ,CASS
TRBV14*01,SGH-DNL,FVK-ESK,CASSQ
TRBV14*02,SGH-DNL,FVK-ESK,CASS
TRBV15*01,LNH-NVM,YYD-KDF,CATSR
TRBV15*02,LNH-NVM,YYD-KDF,CATSR
TRBV15*03,LNH-NVM,YYN-KDF,CATS
TRBV16*01,KGH-SYV,FQN-ENV,CASSQ
TRBV16*02,KGH-S*V,FQN-ENV,CASSQ
TRBV16*03,KGH-SYV,FQN-ENV,CASS
TRBV17*01,SGH-MFV,FQY-QNI,YSSG
TRBV17*02,SGH-MFV,FQY-QNI,YSSG
TRBV18*01,KGH-SHV,LQK-ENI,CASSP
TRBV19*01,LNH-DAM,SQI-VND,CASSI
TRBV19*02,LNH-DAM,SHI-VND,CASSI
TRBV19*03,LNH-DAM,SHI-VND,CAS
TRBV2*01,SNH-LYF,FYN-NEI,CASSE
TRBV2*02,SNH-LYF,FYN-NEI,CASS
TRBV2*03,SNH-LYF,FYN-NEI,CASSE
TRBV20-1*01,DFQATTM,SNEGSKA,CSAR
TRBV20-1*02,DFQATTM,SNEGSKA,CSA
TRBV20-1*03,DFQATTM,SNEGCKA,CSA
TRBV20-1*04,DFQATTM,SNEGSKA,CSAS
TRBV20-1*05,DFQATTM,SNEGSKA,CSAR
TRBV20-1*06,DFQATTM,SNEGSKA,CSA
TRBV20-1*07,DFQATTM,SNEGSKA,CSAR
TRBV20/OR9-2*01,DFQATTM,SNEGSEV,CSAR
TRBV20/OR9-2*02,DFQATTM,SNEGSEV,CSA
TRBV20/OR9-2*03,DFQATTM,SNEGSEV,CSAR
TRBV21-1*01,KAH-SYV,FQN-EEL,CASSK
TRBV21-1*02,KAH-SYV,FQN-EEL,CASSK
TRBV21/OR9-2*01,KRH-SYV,FQN-EEI,CANSK
TRBV23-1*01,KGH-TFV,FQN-EQV,CASSQ
TRBV23/OR9-2*01,NGH-TFV,FQN-EQV,CATSP
TRBV23/OR9-2*02,NGH-TFV,FQN-EQV,
TRBV24-1*01,KGH-DRM,SFD-VKD,CATSDL
TRBV24-1*02,KGH-DRM,SFD-VKD,CATSDL
TRBV24/OR9-2*01,KGH-DRM,SFD-VKD,CATSDL
TRBV25-1*01,MGH-DKM,SYG-VNS,CASSE
TRBV26*01,MNH-VTM,SPG-TGS,YASSS
TRBV26/OR9-2*01,MNH-VAM,SPG-TGS,CASSS
TRBV26/OR9-2*02,MNH-VAM,SPG-TGS,CASSS
TRBV27*01,MNH-EYM,SMN-VEV,CASSL
TRBV28*01,MDH-ENM,SYD-VKM,CASSL
TRBV29-1*01,SQV-TMM,ANQGSEA,CSVE
TRBV29-1*02,SQV-TMM,ANQGSEA,CSVE
TRBV29-1*03,SQV-TMI,ANQGSEA,CSAG
TRBV29/OR9-2*01,SQV-TMM,ANQGSEA,CSVE
TRBV29/OR9-2*02,SQV-TMM,ANQGSEA,CSVE
TRBV3-1*01,LGH-DTM,YNN-KEL,CASSQ
TRBV3-1*02,LGH-DTM,YNN-KEI,CAS
TRBV3-2*01,LGH-NAM,YSN-KEP,CASSQ
TRBV3-2*02,LGH-NAM,YSN-KEP,CASSQ
TRBV3-2*03,LGH-NAM,YSN-KEP,CASSQ
TRBV30*01,GTSNPNL,SVG--IG,CAWS
TRBV30*02,GTSNPNL,SVG--IG,CAWS
TRBV30*03,GTSNPNL,SVG--IG,CAWS
TRBV30*04,GTSNPNL,SIG--ID,CAWS
TRBV30*05,GTSNPNL,SVG--IG,CAWG
TRBV4-1*01,MGH-RAM,YSY-EKL,CASSQ
TRBV4-1*02,MGH-RAM,YSY-EKL,CASSQ
TRBV4-2*01,LGH-NAM,YNF-KEQ,CASSQ
TRBV4-2*02,LGH-NAM,YNF-KEQ,CAST
TRBV4-3*01,LGH-NAM,YSL-EER,CASSQ
TRBV4-3*02,LGH-NAM,YSL-EER,CASS
TRBV4-3*03,LGH-NAM,YSL-EER,CASS
TRBV4-3*04,LGH-NAM,YSL-EER,CASS
TRBV5-1*01,SGH-RSV,YFS-ETQ,CASSL
TRBV5-1*02,SGH-RSV,YFS-ETQ,CAS
TRBV5-3*01,SGH-SSV,YAN-ELR,CARSL
TRBV5-3*02,SGH-SSV,YAN-ELR,CARSL
TRBV5-4*01,SGH-NTV,YYR-EEE,CASSL
TRBV5-4*02,SGH-NTV,YYR-EEE,CASS
TRBV5-4*03,SGH-NTV,YYR-EEE,CASS
TRBV5-5*01,SGH-KSV,YYE-KEE,CASSL
TRBV5-5*02,SGH-KSV,YYE-KEE,CASS
TRBV5-5*03,SEH-KSV,YYE-KEE,CASS
TRBV5-6*01,SGH-DTV,YYE-EEE,CASSL
TRBV5-7*01,SGH-TSV,YYE-KEE,CASSL
TRBV5-8*01,SGH-TSV,YDE-GEE,CASSL
TRBV5-8*02,SGH-TSV,YDE-GEE,CASS
TRBV6-1*01,MNH-NSM,SAS-EGT,CASSE
TRBV6-2*01,MNH-EYM,SVG-EGT,CASSY
TRBV6-3*01,MNH-EYM,SVG-EGT,CASSY
TRBV6-4*01,MRH-NAM,SNT-AGT,CASSD
TRBV6-4*02,MRH-NAM,SNT-AGT,CASSD
TRBV6-5*01,MNH-EYM,SVG-AGI,CASSY
TRBV6-6*01,MNH-NYM,SVG-AGI,CASSY
TRBV6-6*02,MNH-NYM,SVG-AGI,CASSY
TRBV6-6*03,MNH-NYM,SVG-AGI,CASS
TRBV6-6*04,MNH-EYM,SVG-AGI,CASSR
TRBV6-6*05,MNH-NYM,SVG-AGI,CASS
TRBV6-7*01,MNH-EYM,SVA-AAL,CASSY
TRBV6-8*01,MNH-GYM,SAA-AGT,CASSY
TRBV6-9*01,MNH-GYL,SVA-AGI,CASSY
TRBV7-1*01,SGH-NAL,FQG-KDA,CASSS
TRBV7-2*01,SGH-TAL,FQG-NSA,CASSL
TRBV7-2*02,SGH-TAL,FQG-NSA,CASSL
TRBV7-2*03,SGH-TAL,FQG-NSA,CTSSL
TRBV7-2*04,SGH-TAL,FQG-NSA,CASSL
TRBV7-3*01,SGH-TAL,FQG-TGA,CASSL
TRBV7-3*02,SGH-TAL,FQG-TGA,RASSL
TRBV7-3*03,SGH-TAL,FQG-TGA,RASSL
TRBV7-3*04,SGH-TAL,FQG-TGA,CASS
TRBV7-3*05,SGH-TAL,FQG-TGA,CASS
TRBV7-4*01,SGH-VTL,SQS-DAQ,CASSL
TRBV7-6*01,SGH-VSL,FNY-EAQ,CASSL
TRBV7-6*02,SGH-VSL,FNY-EAQ,CASS
TRBV7-7*01,SSH-ATL,FNY-EAQ,CASSL
TRBV7-7*02,SSH-VTL,FNY-EAQ,CASS
TRBV7-8*01,SGH-VSL,FQN-EAQ,CASSL
TRBV7-8*02,SGH-VSL,FQN-EAQ,CASSL
TRBV7-8*03,SGH-VSL,FQN-EAQ,CASSR
TRBV7-9*01,SEH-NRL,FQN-EAQ,CASSL
TRBV7-9*02,SEH-NRL,FQN-EAQ,CASSL
TRBV7-9*03,SEH-NRL,FQN-EAQ,CASSL
TRBV7-9*04,SEH-NRL,FQN-EAQ,CASS
TRBV7-9*05,SEH-NRL,FQN-EAQ,CASTK
TRBV7-9*06,SEH-NRL,FQN-EAQ,CASTL
TRBV7-9*07,--H-NRL,FQN-EAQ,CASS
TRBV9*01,SGD-LSV,YYN-GEE,CASSV
TRBV9*02,SGD-LSV,YYN-GEE,CASSV
TRBV9*03,SGD-LSV,YYN-GEE,CASS
