,CDR3,ext,CDR3_full,full
TRAJ11*01,KLTF,GKG,DSGYNKLTF,DSGYNKLTFGKGTVLLVSP
TRAJ12*01,KVVF,GSG,GTGGYKVVF,GTGGYKVVFGSGTRLLVSP
TRAJ12*02,KVVF,GSG,GTGGYKVVF,GTGGYKVVFGSGTRLLVSP
TRAJ13*01,YQRF,GTG,NSGTYQRF,NSGTYQRFGTGTKLQVVP
TRAJ15*01,ALIF,GTG,YQGGRALIF,YQGGRALIFGTGTTVSVSP
TRAJ16*01,KLVF,GQG,ATSSGQKLVF,ATSSGQKLVFGQGTILKVYL
TRAJ17*01,KLTF,GIG,TNSAGNKLTF,TNSAGNKLTFGIGTRVLVRP
TRAJ18*01,RLHF,GAG,DRGSALGRLHF,DRGSALGRLHFGAGTQLIVIP
TRAJ19*01,KFSS,GIE,IYRGFHKFSS,IYRGFHKFSSGIESKHNVSP
TRAJ2*01,KLTF,GEG,NTGGLSGKLTF,NTGGLSGKLTFGEGTQVTVIS
TRAJ2*02,KLTF,GEG,NTGLSGKLTF,NTGLSGKLTFGEGTQVTVIS
TRAJ20*01,KLGV,ESV,SGNYKLGV,SGNYKLGVESVTMMSVRA
TRAJ21*01,VLYF,GSG,SNYNVLYF,SNYNVLYFGSGTKLTVEP
TRAJ21*02,VLYF,GSG,SNYNVLYF,SNYNVLYFGSGSKLTVEP
TRAJ22*01,QLIF,GSG,SSGSWQLIF,SSGSWQLIFGSGTQLTVMP
TRAJ23*01,KLIF,GQG,NYNQGKLIF,NYNQGKLIFGQGTKLSIKP
TRAJ24*01,KLQF,GTG,ELASLGKLQF,ELASLGKLQFGTGTQVVVTP
TRAJ24*02,KLQF,GTG,TTASLGKLQF,TTASLGKLQFGTGTQVVVTP
TRAJ25*01,SSVF,GTW,RTKVSSVF,RTKVSSVFGTWRRLLVKP
TRAJ25*02,SSVF,GTG,RTKVSSVF,RTKVSSVFGTGRRLLVKP
TRAJ26*01,GLTF,GLG,NNYAQGLTF,NNYAQGLTFGLGTRVSVFP
TRAJ27*01,KLTF,GDG,NTNTGKLTF,NTNTGKLTFGDGTVLTVKP
TRAJ28*01,RLTF,GKG,LPGTGSNRLTF,LPGTGSNRLTFGKGTKFSLIP
TRAJ29*01,ELVL,GRE,NSGSRELVL,NSGSRELVLGREARLSMIE
TRAJ3*01,KLIF,GAE,EFSYSSKLIF,EFSYSSKLIFGAETKLRNPP
TRAJ30*01,KVIF,GKG,DTNAYKVIF,DTNAYKVIFGKGTHLHVLP
TRAJ31*01,RIFF,GDG,NSNNRIFF,NSNNRIFFGDGTQLVVKP
TRAJ31*02,RIFF,GDG,NNNNRIFF,NNNNRIFFGDGTQLVVKP
TRAJ32*01,KLIF,GIG,NYGSSGNKLIF,NYGSSGNKLIFGIGTLLSVKP
TRAJ32*02,KLIF,GTG,NYGGSGNKLIF,NYGGSGNKLIFGTGTLLSVKP
TRAJ33*01,QLIW,GSG,DSNYQLIW,DSNYQLIWGSGTKLIIKP
TRAJ34*01,KVVF,GTG,SSNTDKVVF,SSNTDKVVFGTGTRLQVSP
TRAJ34*02,KVVF,GTG,SSNTNKVVF,SSNTNKVVFGTGTRLQVLP
TRAJ35*01,ALTF,GSG,QTGFASALTF,QTGFASALTFGSGTKVIPCLP
TRAJ35*02,ALTF,GSG,RQGFASALTF,RQGFASALTFGSGTKVIVLP
TRAJ36*01,KLVS,GTR,NI*GKKKLVS,NI*GKKKLVSGTRTRLTIIP
TRAJ37*01,KLIF,GLG,TGNTGKLIF,TGNTGKLIFGLGTTLQVQP
TRAJ38*01,KLIW,GLG,NVGDNSKLIW,NVGDNSKLIWGLGTSLVVNP
TRAJ39*01,KLTF,GGG,NNNAGAKLTF,NNNAGAKLTFGGGTRLTVRP
TRAJ4*01,KLTF,GAG,LSGSFNKLTF,LSGSFNKLTFGAGTRLLCAH
TRAJ4*02,KLTF,GAG,LSGSFNKLTF,LSGSFNKLTFGAGTRLAVCP
TRAJ40*01,KYVF,GAG,VNTGNYKYVF,VNTGNYKYVFGAGTRLKVIA
TRAJ41*01,SSML,AEA,VSNTSSML,VSNTSSMLAEAPHYWSHP
TRAJ42*01,KLTF,GKG,NSGGSNAKLTF,NSGGSNAKLTFGKGTKLSVKS
TRAJ42*02,KLAF,GKG,SGGSNAKLAF,SGGSNAKLAFGKGTKLSVKS
TRAJ43*01,APRF,GAG,NNNNAPRF,NNNNAPRFGAGTKLSVKP
TRAJ43*02,APAF,GAG,NNNNAPAF,NNNNAPAFGAGTKLTVKP
TRAJ44*01,KLTL,GAG,VTGSGGKLTL,VTGSGGKLTLGAGTRLQVNL
TRAJ45*01,RLTF,GKG,NTEGADRLTF,NTEGADRLTFGKGTQLIIQP
TRAJ45*02,RLTF,GKG,NTGGADRLTF,NTGGADRLTFGKGTQLII
TRAJ46*01,HAGF,GDG,RRQQCRHAGF,RRQQCRHAGFGDGDELGVST
TRAJ47*01,KMIC,GLG,HYANKMIC,HYANKMICGLGTILRVRP
TRAJ47*02,KMIF,GLG,DYANKMIF,DYANKMIFGLGTILRVRP
TRAJ48*01,KITF,GAG,ANYGNEKITF,ANYGNEKITFGAGTKLTIKP
TRAJ49*01,NFYF,GKG,NTGYQNFYF,NTGYQNFYFGKGTSLTVIP
TRAJ5*01,QLTF,GRG,GTQVVGQLTF,GTQVVGQLTFGRGTRLQVYA
TRAJ50*01,KLVF,GQG,ASSSFSKLVF,ASSSFSKLVFGQGTSLSVVP
TRAJ52*01,KLTF,GHG,NTGANTGKLTF,NTGANTGKLTFGHGTILRVHP
TRAJ53*01,KLTF,GKG,NSGGSNYKLTF,NSGGSNYKLTFGKGTLLTVTP
TRAJ54*01,KLVF,GQG,KRPGF*KLVF,KRPGF*KLVFGQGTG*PSK
TRAJ56*01,KLTF,GQG,ATGGNNKLTF,ATGGNNKLTFGQGTVLSVIP
TRAJ57*01,KLIF,GEG,NQGGSAKLIF,NQGGSAKLIFGEGTKLTVSS
TRAJ58*01,KLSF,GKG,QQGTGSKLSF,QQGTGSKLSFGKGAKLTVSP
TRAJ59*01,KATF,ATG,LLKREDKATF,LLKREDKATFATGGYEAEED
TRAJ6*01,KPTF,GKG,TSGGNYKPTF,TSGGNYKPTFGKGTSLVVHP
TRAJ60*01,KDLY,FR*,RSTKDLY,RSTKDLYFR*ELSSSSA
TRAJ61*01,FFFG,AMT,VQN**EIGIFFFG,VQN**EIGIFFFGAMTGRLMKLS
TRAJ7*01,RLTL,GKG,DYSNNRLTL,DYSNNRLTLGKGTQVVVLP
TRAJ9*01,KLTF,GTG,RNMGYKLTF,RNMGYKLTFGTGTSLLVDP
TRAJ9*02,KLTF,GTG,SNMGYKLTF,SNMGYKLTFGTGTSLLVDP
