,CDR3,ext,full
TRAJ1*01,QLQF,GKG,YESITSQLQFGKGTRVSTSP
TRAJ10*01,KLTF,GTG,ILTGGGNKLTFGTGTQLKVEL
TRAJ11*01,TLTF,GKG,NSGYSTLTFGKGTMLLVSP
TRAJ12*01,KLIF,GSG,MDSSYKLIFGSGTRLLVRP
TRAJ13*01,KVTF,GIG,NSGGYQKVTFGIGTKLQVIP
TRAJ13*02,KVTF,GTG,NSGGYQKVTFGTGTKLQVIP
TRAJ14*01,TFIF,GSG,IYSTFIFGSGTRLSVKP
TRAJ15*01,ALIF,GKG,NQAGTALIFGKGTTLSVSS
TRAJ15*02,ALIF,GKG,NQAGTALIFGKGTHLSVSS
TRAJ16*01,KLLF,ARG,FSDGQKLLFARGTMLKVDL
TRAJ16*02,KLLF,ARG,FSDGQKLLFARGTMLKVDL
TRAJ17*01,KLTF,GGG,IKAAGNKLTFGGGTRVLVKP
TRAJ18*01,RLYF,GRG,DRGSTLGRLYFGRGTQLTVWP
TRAJ19*01,NFTF,GKG,YQRFYNFTFGKGSKHNVTP
TRAJ2*01,KLTF,GKG,NTGGTIDKLTFGKGTHVFIIS
TRAJ20*01,KLSF,GAG,SNDYKLSFGAGTTVTVRA
TRAJ21*01,KFYF,GSG,YNFNKFYFGSGTKLNVKP
TRAJ22*01,QLTF,GSG,SSGSARQLTFGSGTQLTVLP
TRAJ23*01,KLIF,GQG,IYNQGGKLIFGQGTELSVKP
TRAJ23*02,KLIF,GQG,IYNQGGKLIFGQGTELSVKP
TRAJ24*01,KFEF,GAG,TTDSWGKFEFGAGTQVVVTP
TRAJ24*02,KLQF,GAG,TTDSWGKLQFGAGTQVVVTP
TRAJ24*03,KFQF,GAG,TTDSWGKFQFGAGTQVVVTP
TRAJ25*01,SFIF,GKG,EGQGFSFIFGKGTRLLVKP
TRAJ26*01,NFVF,GPG,DNYGQNFVFGPGTRLSVLP
TRAJ27*01,KSTF,GDG,NTNAGKSTFGDGTTLTVKP
TRAJ28*01,QLTF,GKG,YSGAGSYQLTFGKGTKLSVIP
TRAJ29*01,PLVF,GKG,NSGNTPLVFGKGTRLSVIA
TRAJ3*01,KIIF,GSG,GYSSASKIIFGSGTRLSIRP
TRAJ30*01,KIIF,GKG,NRDDKIIFGKGTRLHILP
TRAJ31*01,RLMF,GDG,NNNARLMFGDGTQLVVKP
TRAJ32*01,KLIF,GTG,NYGGATNKLIFGTGTLLAVQP
TRAJ32*02,KLIF,GTG,NYGGATNKLIFGTGTLLAVQP
TRAJ33*01,QLIW,GAG,DSNYQLIWGAGTKLIIKP
TRAJ34*01,KLIF,GTG,SYNTDKLIFGTGTRLQVFP
TRAJ35*01,VLHC,GSG,IGFGNVLHCGSGTQVIVLP
TRAJ36*01,NLFF,GTG,QTGANNLFFGTGTRLTVIP
TRAJ37*01,KLIF,GQG,GSGNTGKLIFGQGTTLQVKP
TRAJ37*02,KLIF,GQG,GSSNTGKLIFGQGTTLQVKP
TRAJ38*01,KLIW,GLG,NAGNNRKLIWGLGTSLAVNP
TRAJ39*01,MLTF,GGG,NNNAGNMLTFGGGTRLMVKP
TRAJ4*01,KLIF,GAG,FSGGYNKLIFGAGTRLAVHP
TRAJ40*01,KYIF,GTG,TTSGTYKYIFGTGTRLKVLA
TRAJ41*01,ALNF,GKG,NSNSGYALNFGKGTSLLVTP
TRAJ42*01,NLIF,GKG,NYGGSQGNLIFGKGTKLSVKP
TRAJ43*01,DMRF,GAG,NNNDMRFGAGTRLTVKP
TRAJ44*01,KLTF,GTG,NTGTASKLTFGTGTRLQVTL
TRAJ45*01,GLTF,GKG,YSGGGADGLTFGKGTHLIIQP
TRAJ46*01,KLTF,GTG,KKSSGDKLTFGTGTRLAVRP
TRAJ47*01,KLVF,GAG,EYGNKLVFGAGTILRVKS
TRAJ47*02,KLVF,GAG,EYGNKLVFGAGTILRVKS
TRAJ48*01,KLTF,GTG,SNFGNEKLTFGTGTRLTIIP
TRAJ49*01,QFYF,GTG,NTGNQFYFGTGTSLTVIP
TRAJ5*01,ALTF,GSG,DTGRRALTFGSGTRLQVQP
TRAJ50*01,KVIF,GPG,KTSYDKVIFGPGTSLSVIP
TRAJ51*01,KLIF,GKE,MRDSYEKLIFGKET*LTVKP
TRAJ52*01,KLTF,GQG,NAGGTSYGKLTFGQGTILTVHP
TRAJ53*01,KLTF,GKG,NSGGSNYKLTFGKGTLLTVNP
TRAJ54*01,KLVF,GQG,IQGAQKLVFGQGTRLTINP
TRAJ55*01,CSCW,GKG,KCW*CSCWGKGMSTKINP
TRAJ56*01,KLTF,GKG,YTGANSKLTFGKGITLSVRP
TRAJ57*01,KLVF,GKG,TQGGSEKLVFGKGTKLTVNP
TRAJ58*01,RLTF,GEG,*ETSGSRLTFGEGTQLTVNP
TRAJ59*01,KFTF,GMG,KEGNRKFTFGMGTQVRVKL
TRAJ6*01,IPTF,GRG,ASGGSYIPTFGRGTSLIVHP
TRAJ60*01,MLNF,GKG,KIT*MLNFGKGTELIVSL
TRAJ61*01,KLTF,GAN,YRVNRKLTFGANTRGIMKL
TRAJ7*01,RLAF,GKG,DYGNNRLAFGKGNQVVVIP
TRAJ8*01,KLVF,GTG,NTGFQKLVFGTGTRLLVSP
TRAJ8*02,KLVF,GTG,NTGFQKLVFGTGT*LLVSP
TRAJ9*01,KTIF,GAG,GNTGGFKTIFGAGTRLFVKA
